Cell,Type,Phase,Genl,Ion,Charge,Irmods,LET,E,RBE
V79,n,G0,5.6,4He,2,s,2.34,133.4,1.0118
V79,n,G0,5.6,4He,2,s,2.4,128.8,0.9282
V79,n,G0,5.6,4He,2,s,7.85,28.1,1.1522
V79,n,G0,5.6,4He,2,s,8.13,26.9,1.1556
V79,n,G0,5.6,4He,2,s,9.12,23.4,1.1708
V79,n,G0,5.6,12C,6,s,12.16,319.0,1.2027
V79,n,G0,5.6,12C,6,s,26.0,99.8,1.3468
V79,n,G0,5.6,12C,6,s,74.99,26.1,1.9428
V79,n,G0,5.6,20Ne,10,s,37.15,268.7,1.4916
V79,n,G0,5.6,20Ne,10,s,114.81,55.0,2.0021
V79,n,G0,5.6,20Ne,10,s,136.46,44.4,2.1835
V79,n,G0,5.6,40Ar,18,s,98.86,400.0,2.0757
V79,n,G0,5.6,40Ar,18,s,402.72,50.0,2.0051
V79,n,G0,5.6,12C,6,s,12.16,319.0,1.3936
V79,n,G0,5.6,12C,6,s,26.0,99.8,1.4886
V79,n,G0,5.6,12C,6,s,74.99,26.1,2.2838
T1,n,a,6.0,12C,6,s,12.16,319.0,1.4733
T1,n,a,6.0,12C,6,s,26.0,99.8,1.5413
T1,n,a,6.0,12C,6,s,74.99,26.1,2.2198
T1,n,a,5.6,12C,6,m,11.0,389.0,1.1023
T1,n,a,5.6,12C,6,m,13.0,282.9,1.22
T1,n,a,5.6,12C,6,m,16.0,200.4,1.1308
T1,n,a,5.6,12C,6,m,23.0,118.2,1.4319
T1,n,a,5.6,12C,6,m,30.0,82.7,1.4405
T1,n,a,5.6,12C,6,m,40.0,57.3,1.7912
T1,n,a,5.6,12C,6,m,85.0,22.5,2.5428
T1,n,a,5.6,12C,6,m,124.0,14.0,2.5987
T1,n,a,5.6,20Ne,10,m,32.0,356.0,1.4913
T1,n,a,5.6,20Ne,10,m,38.0,258.7,1.5442
T1,n,a,5.6,20Ne,10,m,54.0,149.7,1.6503
T1,n,a,5.6,20Ne,10,m,71.0,102.5,1.9875
T1,n,a,5.6,20Ne,10,m,100.0,65.5,2.8168
T1,n,a,5.6,20Ne,10,m,139.0,43.4,2.8653
T1,n,a,5.6,20Ne,10,m,234.0,22.7,2.7113
T1,n,a,5.6,20Ne,10,m,419.0,10.7,2.6133
T1,n,a,5.6,40Ar,18,m,81.0,680.0,2.0941
T1,n,a,5.6,40Ar,18,m,91.0,500.0,2.4729
T1,n,a,5.6,40Ar,18,m,117.0,290.0,2.651
T1,n,a,5.6,40Ar,18,m,144.0,200.0,2.6441
T1,n,a,5.6,40Ar,18,m,184.0,140.0,2.4839
T1,n,a,5.6,40Ar,18,m,245.0,95.0,2.2132
T1,n,a,5.6,40Ar,18,m,328.0,65.0,1.9754
T1,n,a,5.6,40Ar,18,m,640.0,27.0,1.5164
CHO-10B,n,a,5.6,4He,2,m,125.0,0.75,4.1942
HS-23,n,a,5.6,4He,2,m,136.0,0.65,3.5594
C3H_10T1/2,n,a,5.6,4He,2,m,121.0,0.8,3.5556
V79,n,a,5.6,4He,2,m,124.0,0.77,4.3791
AG1522,n,a,6.0,4He,2,m,121.0,0.8,4.0023
HeLa,n,a,6.0,1H,1,m,20.27,1.38,1.2936
HeLa,n,a,6.0,1H,1,m,23.915,1.16,1.563
HeLa,n,a,6.0,4He,2,m,20.475,8.8,1.143
HeLa,n,a,6.0,4He,2,m,23.045,7.605,1.3566
HeLa_S3,n,a,6.0,1H,1,m,20.27,1.38,1.1636
HeLa_S3,n,a,6.0,1H,1,m,23.915,1.16,1.5083
HeLa_S3,n,a,6.0,4He,2,m,20.475,8.8,1.1197
HeLa_S3,n,a,6.0,4He,2,m,23.045,7.605,1.2051
C3H_10T1/2,n,a,5.6,1H,1,m,22.09,1.27,1.2966
C3H_10T1/2,n,a,5.6,4He,2,m,21.76,8.2,1.4253
V79,n,a,5.6,1H,1,m,10.1,3.66,1.2377
V79,n,a,5.6,1H,1,m,17.8,1.83,1.3976
V79,n,a,5.6,1H,1,m,27.6,1.07,1.914
V79,n,a,5.6,2H,1,m,18.5,1.7,1.5623
V79,n,a,5.6,2H,1,m,26.3,1.07,1.9753
V79,n,a,5.6,2H,1,m,36.1,0.7,2.725
V79,n,a,5.6,2H,1,m,49.8,0.465,3.0469
V79,n,a,5.6,3He,2,m,58.9,2.3,3.0717
V79,n,a,5.6,3He,2,m,88.3,1.39,3.567
V79,n,a,5.6,3He,2,m,105.8,1.13,3.2946
irs1,n,a,5.6,4He,2,m,18.0,9.97,0.883
irs2,n,a,5.6,4He,2,m,18.0,9.97,1.121
L5178Y,n,a,5.6,4He,2,m,18.0,9.97,2.0524
M10,n,a,5.6,4He,2,m,18.0,9.97,1.6387
L5178Y,n,a,5.6,4He,2,m,47.0,3.1,4.0198
M10,n,a,5.6,4He,2,m,47.0,3.1,2.2588
irs1,n,a,5.6,12C,6,m,235.0,6.43,1.6796
irs2,n,a,5.6,12C,6,m,235.0,6.43,1.8054
L5178Y,n,a,5.6,12C,6,m,74.0,26.6,4.6392
M10,n,a,5.6,12C,6,m,74.0,26.6,3.0222
L5178Y,n,a,5.6,12C,6,m,235.0,6.43,4.6392
M10,n,a,5.6,12C,6,m,235.0,6.43,1.9569
LTA,n,a,5.6,20Ne,10,m,62.0,123.2,3.1157
LTA,n,a,5.6,20Ne,10,m,84.0,81.8,3.8698
LTA,n,a,5.6,20Ne,10,m,108.0,59.2,3.6899
LTA,n,a,5.6,20Ne,10,m,205.0,26.6,2.8994
LTA,n,a,5.6,20Ne,10,m,327.0,14.7,1.4631
SL3-147,n,a,5.6,20Ne,10,m,62.0,123.2,1.3955
SL3-147,n,a,5.6,20Ne,10,m,84.0,81.8,1.3684
SL3-147,n,a,5.6,20Ne,10,m,108.0,59.2,1.3038
SL3-147,n,a,5.6,20Ne,10,m,205.0,26.6,1.027
SL3-147,n,a,5.6,20Ne,10,m,327.0,14.7,0.5023
HE20,n,G1/G0,6.0,20Ne,10,m,63.0,120.3,2.2633
HE20,n,G1/G0,6.0,20Ne,10,m,105.0,61.4,2.7376
HE20,n,G1/G0,6.0,20Ne,10,m,131.0,46.7,3.3525
HE20,n,G1/G0,6.0,20Ne,10,m,191.0,29.0,3.1689
HE20,n,G1/G0,6.0,20Ne,10,m,234.0,22.7,2.6829
HE20,n,G1/G0,6.0,20Ne,10,m,285.0,17.8,2.3379
HE20,n,G1/G0,6.0,20Ne,10,m,335.0,14.3,2.1184
C3H1OT1/2,n,a,5.6,1H,1,m,11.0,3.18,1.5868
C3H1OT1/2,n,a,5.6,1H,1,m,19.7,1.46,1.6765
C3H1OT1/2,n,a,5.6,1H,1,m,28.8,0.87,2.0776
C3H1OT1/2,n,a,5.6,1H,1,m,31.6,0.77,1.9354
C3H1OT1/2,n,a,5.6,1H,1,m,32.5,0.74,2.1662
C3H1OT1/2,n,a,5.6,1H,1,m,33.2,0.72,2.9455
C3H1OT1/2,n,a,5.6,2H,1,m,6.65,4.89,1.6359
C3H1OT1/2,n,a,5.6,2H,1,m,9.15,3.19,1.8292
NB1RGB,n,a,6.0,12C,6,m,20.0,144.0,1.2394
NB1RGB,n,a,6.0,12C,6,m,40.0,57.3,1.3311
NB1RGB,n,a,6.0,12C,6,m,81.0,23.8,2.1592
NB1RGB,n,a,6.0,12C,6,m,105.0,17.4,2.3245
ONS-76,t,a,6.0,12C,6,m,20.0,144.0,1.7949
ONS-76,t,a,6.0,12C,6,m,40.0,57.3,1.9753
ONS-76,t,a,6.0,12C,6,m,81.0,23.8,2.7242
ONS-76,t,a,6.0,12C,6,m,105.0,17.4,2.7854
A-172,t,a,6.0,12C,6,m,20.0,144.0,1.6069
A-172,t,a,6.0,12C,6,m,40.0,57.3,1.7673
A-172,t,a,6.0,12C,6,m,81.0,23.8,2.4575
A-172,t,a,6.0,12C,6,m,105.0,17.4,3.1162
U251MG,t,a,6.0,12C,6,m,20.0,144.0,1.6501
U251MG,t,a,6.0,12C,6,m,40.0,57.3,2.0577
U251MG,t,a,6.0,12C,6,m,81.0,23.8,3.0981
U251MG,t,a,6.0,12C,6,m,105.0,17.4,3.0498
TK-1,t,a,6.0,12C,6,m,20.0,144.0,0.9659
TK-1,t,a,6.0,12C,6,m,40.0,57.3,1.9233
TK-1,t,a,6.0,12C,6,m,81.0,23.8,2.9852
TK-1,t,a,6.0,12C,6,m,105.0,17.4,3.1584
A172,t,a,6.0,12C,6,m,20.0,144.0,1.5628
A172,t,a,6.0,12C,6,m,40.0,57.3,1.6518
A172,t,a,6.0,12C,6,m,80.0,24.1,1.8989
TK1,t,a,6.0,12C,6,m,20.0,144.0,1.6973
TK1,t,a,6.0,12C,6,m,40.0,57.3,2.0649
TK1,t,a,6.0,12C,6,m,80.0,24.1,3.2435
V79,n,a,5.6,12C,6,m,13.7,266.4,1.3693
V79,n,a,5.6,12C,6,m,16.8,190.7,1.3503
V79,n,a,5.6,12C,6,m,32.4,76.9,1.5621
V79,n,a,5.6,12C,6,m,153.5,11.0,3.4182
V79,n,a,5.6,12C,6,m,275.1,5.4,3.1271
V79,n,a,5.6,12C,6,m,339.1,4.2,2.5631
V79,n,a,5.6,12C,6,m,482.7,2.4,1.9889
CHO-K1,n,a,5.6,12C,6,m,13.7,266.4,1.517
CHO-K1,n,a,5.6,12C,6,m,16.8,190.7,1.5292
CHO-K1,n,a,5.6,12C,6,m,32.4,76.9,1.8554
CHO-K1,n,a,5.6,12C,6,m,103.0,18.0,3.7063
CHO-K1,n,a,5.6,12C,6,m,153.5,11.0,4.2582
CHO-K1,n,a,5.6,12C,6,m,275.1,5.4,3.246
CHO-K1,n,a,5.6,12C,6,m,339.1,4.2,2.6454
CHO-K1,n,a,5.6,12C,6,m,482.7,2.4,2.1305
xrs5,n,a,5.6,12C,6,m,13.7,266.4,2.07
xrs5,n,a,5.6,12C,6,m,32.4,76.9,1.5929
xrs5,n,a,5.6,12C,6,m,153.5,11.0,1.4825
xrs5,n,a,5.6,12C,6,m,275.1,5.4,1.3689
xrs5,n,a,5.6,12C,6,m,339.1,4.2,1.0872
xrs5,n,a,5.6,12C,6,m,482.7,2.4,0.9419
V79,n,a,5.6,3He,2,m,18.6,10.1,1.3681
V79,n,a,5.6,3He,2,m,23.0,7.73,1.4041
V79,n,a,5.6,3He,2,m,23.8,7.39,1.5831
V79,n,a,5.6,3He,2,m,24.0,7.3,1.4205
V79,n,a,5.6,3He,2,m,29.9,5.5,1.4863
V79,n,a,5.6,3He,2,m,38.1,4.07,2.1768
V79,n,a,5.6,3He,2,m,39.2,3.92,2.1053
V79,n,a,5.6,3He,2,m,39.4,3.9,2.004
V79,n,a,5.6,3He,2,m,50.0,2.83,2.6202
V79,n,a,5.6,3He,2,m,51.9,2.72,2.4308
V79,n,a,5.6,3He,2,m,52.3,2.7,2.582
V79,n,a,5.6,3He,2,m,58.9,2.33,3.0363
V79,n,a,5.6,3He,2,m,61.9,2.16,2.8641
V79,n,a,5.6,3He,2,m,73.9,1.65,3.6654
V79,n,a,5.6,3He,2,m,74.6,1.62,4.1372
V79,n,a,5.6,3He,2,m,90.8,1.27,3.9523
V79,n,a,5.6,12C,6,m,22.5,126.0,1.2562
V79,n,a,5.6,12C,6,m,30.0,82.3,1.474
V79,n,a,5.6,12C,6,m,31.0,78.6,1.7383
V79,n,a,5.6,12C,6,m,40.1,55.6,2.3501
V79,n,a,5.6,12C,6,m,40.6,54.8,2.1567
V79,n,a,5.6,12C,6,m,50.3,41.7,2.7632
V79,n,a,5.6,12C,6,m,57.6,35.4,2.3657
V79,n,a,5.6,12C,6,m,60.0,33.5,2.6697
V79,n,a,5.6,12C,6,m,78.5,25.2,3.2907
V79,n,a,5.6,12C,6,m,80.6,24.5,3.13
V79,n,a,5.6,12C,6,m,88.0,21.9,3.3527
V79,n,a,5.6,12C,6,m,102.0,18.1,3.628
V79,n,a,5.6,12C,6,m,117.0,14.9,4.186
V79,n,a,5.6,12C,6,m,127.0,13.9,3.451
V79,n,a,5.6,12C,6,m,137.0,12.9,4.5383
V79,n,a,5.6,12C,6,m,142.0,12.4,4.4494
V79,n,a,5.6,12C,6,m,206.0,7.6,4.0658
V79,n,a,5.6,12C,6,m,232.0,6.37,3.2749
V79,n,a,5.6,12C,6,m,255.0,5.64,3.2907
V79,n,a,5.6,12C,6,m,276.0,5.09,3.6281
V79,n,a,5.6,12C,6,m,360.0,3.42,3.2907
V79,n,a,5.6,12C,6,m,432.0,2.55,2.5939
V79,n,a,5.6,12C,6,m,493.0,1.98,2.5724
V79,n,a,5.6,12C,6,m,502.0,1.92,2.3943
V79,n,a,5.6,20Ne,10,m,62.1,130.0,2.204
V79,n,a,5.6,20Ne,10,m,62.2,129.0,2.2313
V79,n,a,5.6,20Ne,10,m,80.0,84.2,2.4651
V79,n,a,5.6,20Ne,10,m,84.6,78.6,2.5913
V79,n,a,5.6,20Ne,10,m,96.9,68.1,2.9978
V79,n,a,5.6,20Ne,10,m,110.0,57.5,2.8183
V79,n,a,5.6,20Ne,10,m,146.0,38.4,3.5193
V79,n,a,5.6,20Ne,10,m,158.0,35.7,3.7642
V79,n,a,5.6,20Ne,10,m,178.0,31.1,3.8686
V79,n,a,5.6,20Ne,10,m,182.0,30.2,3.5922
V79,n,a,5.6,20Ne,10,m,219.0,24.7,3.5369
V79,n,a,5.6,20Ne,10,m,239.0,21.7,3.9969
V79,n,a,5.6,20Ne,10,m,277.0,18.2,3.2205
V79,n,a,5.6,20Ne,10,m,287.0,17.5,3.7242
V79,n,a,5.6,20Ne,10,m,373.0,12.8,2.9747
V79,n,a,5.6,20Ne,10,m,528.0,7.71,2.0749
V79,n,a,5.6,20Ne,10,m,569.0,7.1,1.2583
HSG,n,a,6.0,3He,2,m,18.5,10.2,1.3084
HSG,n,a,6.0,3He,2,m,18.6,10.1,1.4272
HSG,n,a,6.0,3He,2,m,23.6,7.48,1.5062
HSG,n,a,6.0,3He,2,m,24.0,7.3,1.8143
HSG,n,a,6.0,3He,2,m,32.4,4.99,2.165
HSG,n,a,6.0,3He,2,m,33.0,4.89,2.4154
HSG,n,a,6.0,3He,2,m,46.0,3.12,3.1645
HSG,n,a,6.0,3He,2,m,53.8,2.61,3.1401
HSG,n,a,6.0,3He,2,m,54.0,2.6,3.4594
HSG,n,a,6.0,3He,2,m,70.3,1.79,4.0477
HSG,n,a,6.0,3He,2,m,71.0,1.76,4.5458
HSG,n,a,6.0,12C,6,m,22.5,126.0,1.1003
HSG,n,a,6.0,12C,6,m,30.0,82.3,1.2369
HSG,n,a,6.0,12C,6,m,30.3,81.1,1.2678
HSG,n,a,6.0,12C,6,m,30.6,79.9,1.4174
HSG,n,a,6.0,12C,6,m,40.2,55.4,1.8142
HSG,n,a,6.0,12C,6,m,42.5,51.9,1.8145
HSG,n,a,6.0,12C,6,m,50.0,42.1,2.1948
HSG,n,a,6.0,12C,6,m,54.5,37.8,2.2186
HSG,n,a,6.0,12C,6,m,80.6,24.5,2.6167
HSG,n,a,6.0,12C,6,m,88.0,21.9,3.0016
HSG,n,a,6.0,12C,6,m,137.0,12.9,3.3736
HSG,n,a,6.0,12C,6,m,144.0,12.2,2.672
HSG,n,a,6.0,12C,6,m,147.0,11.8,3.0926
HSG,n,a,6.0,12C,6,m,199.0,7.94,3.0463
HSG,n,a,6.0,12C,6,m,247.0,5.84,2.5231
HSG,n,a,6.0,12C,6,m,267.0,5.32,2.8954
HSG,n,a,6.0,12C,6,m,333.0,3.88,2.2306
HSG,n,a,6.0,12C,6,m,360.0,3.42,2.2076
HSG,n,a,6.0,12C,6,m,467.0,2.22,1.9062
HSG,n,a,6.0,12C,6,m,493.0,1.98,1.8389
HSG,n,a,6.0,12C,6,m,502.0,1.92,1.6368
HSG,n,a,6.0,20Ne,10,m,62.0,130.0,1.6526
HSG,n,a,6.0,20Ne,10,m,72.0,103.0,2.4298
HSG,n,a,6.0,20Ne,10,m,74.2,96.7,2.3872
HSG,n,a,6.0,20Ne,10,m,77.0,88.7,2.7215
HSG,n,a,6.0,20Ne,10,m,82.0,81.3,3.1402
HSG,n,a,6.0,20Ne,10,m,83.7,79.3,2.8747
HSG,n,a,6.0,20Ne,10,m,103.0,62.2,3.5498
HSG,n,a,6.0,20Ne,10,m,116.0,54.4,3.3297
HSG,n,a,6.0,20Ne,10,m,166.0,33.8,3.4595
HSG,n,a,6.0,20Ne,10,m,169.0,33.2,3.5619
HSG,n,a,6.0,20Ne,10,m,216.0,25.1,3.2783
HSG,n,a,6.0,20Ne,10,m,339.0,14.3,2.2217
HSG,n,a,6.0,20Ne,10,m,287.0,17.5,2.3733
HSG,n,a,6.0,20Ne,10,m,340.0,14.3,2.1486
HSG,n,a,6.0,20Ne,10,m,343.0,14.1,2.2217
HSG,n,a,6.0,20Ne,10,m,347.0,13.9,2.3326
HSG,n,a,6.0,20Ne,10,m,361.0,13.3,1.8938
HSG,n,a,6.0,20Ne,10,m,373.0,12.8,1.7697
HSG,n,a,6.0,20Ne,10,m,445.0,9.65,1.5465
HSG,n,a,6.0,20Ne,10,m,528.0,7.71,1.4702
HSG,n,a,6.0,20Ne,10,m,654.0,5.58,1.2416
T1,n,a,6.0,12C,6,m,21.8,131.0,1.5277
T1,n,a,6.0,12C,6,m,39.7,56.2,2.119
T1,n,a,6.0,12C,6,m,39.8,56.0,1.7244
T1,n,a,6.0,12C,6,m,61.5,32.4,2.2375
T1,n,a,6.0,12C,6,m,80.4,24.5,3.1843
T1,n,a,6.0,12C,6,m,109.0,16.7,3.6255
T1,n,a,6.0,12C,6,m,144.0,12.2,3.4789
T1,n,a,6.0,12C,6,m,252.0,5.7,3.9336
T1,n,a,6.0,20Ne,10,m,61.9,130.0,2.3147
T1,n,a,6.0,20Ne,10,m,81.6,81.9,2.9793
T1,n,a,6.0,20Ne,10,m,81.8,81.6,2.8936
T1,n,a,6.0,20Ne,10,m,101.0,64.3,2.9793
T1,n,a,6.0,20Ne,10,m,103.0,61.9,3.0243
T1,n,a,6.0,20Ne,10,m,111.0,57.2,3.7383
T1,n,a,6.0,20Ne,10,m,166.0,33.8,3.3435
T1,n,a,6.0,20Ne,10,m,176.0,31.5,3.4788
T1,n,a,6.0,20Ne,10,m,222.0,24.2,3.0552
T1,n,a,6.0,20Ne,10,m,249.0,20.3,2.8124
T1,n,a,6.0,20Ne,10,m,262.0,19.2,2.9218
T1,n,a,6.0,20Ne,10,m,340.0,14.3,2.4973
T1,n,a,6.0,20Ne,10,m,361.0,13.3,2.2883
NB1RGB,n,a,6.0,12C,6,m,13.3,271.2,1.1534
HFL-III,n,a,6.0,12C,6,m,13.3,271.2,1.1691
LC-1sq,t,a,6.0,12C,6,m,13.3,271.2,1.0553
A-549,t,a,6.0,12C,6,m,13.3,271.2,1.232
C32TG,t,a,6.0,12C,6,m,13.3,271.2,1.1432
Marcus,t,a,6.0,12C,6,m,13.3,271.2,1.281
U-251MGKO,t,a,6.0,12C,6,m,13.3,0.0,1.2512
SK-MG-1,t,a,6.0,12C,6,m,13.3,271.2,1.1703
KNS-89,t,a,6.0,12C,6,m,13.3,271.2,1.1469
KS-1,t,a,6.0,12C,6,m,13.3,271.2,1.149
A-172,t,a,6.0,12C,6,m,13.3,271.2,1.3798
ONS-76,t,a,6.0,12C,6,m,13.3,271.2,1.2748
KNS-60,t,a,6.0,12C,6,m,13.3,271.2,1.321
Becker,t,a,6.0,12C,6,m,13.3,271.2,1.0988
T98G,t,a,6.0,12C,6,m,13.3,271.2,1.2689
SF126,t,a,6.0,12C,6,m,13.3,271.2,1.2392
NB1RGB,n,a,6.0,12C,6,m,77.1,25.1,2.5065
HFL-III,n,a,6.0,12C,6,m,77.1,25.1,2.5434
LC-1sq,t,a,6.0,12C,6,m,77.1,25.1,2.2919
A-549,t,a,6.0,12C,6,m,77.1,25.1,2.379
C32TG,t,a,6.0,12C,6,m,77.1,25.1,2.5443
Marcus,t,a,6.0,12C,6,m,77.1,25.1,2.4131
SK-MG-1,t,a,6.0,12C,6,m,77.1,25.1,2.2944
KNS-89,t,a,6.0,12C,6,m,77.1,25.1,2.0578
KS-1,t,a,6.0,12C,6,m,77.1,25.1,2.4049
A-172,t,a,6.0,12C,6,m,77.1,25.1,2.9281
ONS-76,t,a,6.0,12C,6,m,77.1,25.1,2.6755
KNS-60,t,a,6.0,12C,6,m,77.1,25.1,2.6338
Becker,t,a,6.0,12C,6,m,77.1,25.1,2.1293
T98G,t,a,6.0,12C,6,m,77.1,25.1,2.0051
SF126,t,a,6.0,12C,6,m,77.1,25.1,2.1472
HF19,n,a,6.0,1H,1,m,7.7,5.24,0.8595
HF19,n,a,6.0,1H,1,m,19.5,1.54,0.8439
HF19,n,a,6.0,1H,1,m,29.0,0.86,0.8127
M10,n,a,6.0,1H,1,m,9.1,4.29,0.9616
M10,n,a,6.0,1H,1,m,21.4,1.35,0.9424
M10,n,a,6.0,1H,1,m,33.0,0.69,1.7874
SCC25,t,a,6.0,1H,1,m,7.7,5.24,1.0491
SCC25,t,a,6.0,1H,1,m,19.7,1.51,1.288
SCC25,t,a,6.0,1H,1,m,29.5,0.84,1.1993
SQ20B,t,a,6.0,1H,1,m,7.7,5.24,0.9183
SQ20B,t,a,6.0,1H,1,m,19.8,1.5,0.969
SQ20B,t,a,6.0,1H,1,m,30.0,0.81,2.0875
NB1RGB,n,a,6.0,12C,6,m,38.0,61.6,1.6906
NB1RGB,n,a,6.0,12C,6,m,55.0,39.0,1.7504
NB1RGB,n,a,6.0,12C,6,m,84.0,23.5,3.43
NB1RGB,n,a,6.0,12C,6,m,91.0,21.3,3.3508
NB1RGB,n,a,6.0,12C,6,m,94.0,20.5,3.2896
NB1RGB,n,a,6.0,12C,6,m,98.0,19.5,4.0697
NB1RGB,n,a,6.0,12C,6,m,13.0,291.0,1.1109
NB1RGB,n,a,6.0,12C,6,m,19.0,157.0,1.2603
NB1RGB,n,a,6.0,12C,6,m,54.0,39.9,1.9102
NB1RGB,n,a,6.0,12C,6,m,64.0,32.5,2.4108
NB1RGB,n,a,6.0,12C,6,m,73.0,27.8,2.6305
NB1RGB,n,a,6.0,12C,6,m,76.0,26.5,3.3
NB1RGB,n,a,6.0,12C,6,m,80.0,24.9,3.1506
NB1RGB,n,a,6.0,20Ne,10,m,45.0,200.0,1.5098
NB1RGB,n,a,6.0,20Ne,10,m,59.0,134.0,1.6398
NB1RGB,n,a,6.0,20Ne,10,m,77.0,93.0,2.1807
NB1RGB,n,a,6.0,20Ne,10,m,105.0,62.5,2.2509
NB1RGB,n,a,6.0,20Ne,10,m,132.0,47.0,2.8905
NB1RGB,n,a,6.0,20Ne,10,m,158.0,37.7,2.7695
NB1RGB,n,a,6.0,20Ne,10,m,177.0,32.8,3.3897
NB1RGB,n,a,6.0,20Ne,10,m,30.0,415.0,1.4306
NB1RGB,n,a,6.0,20Ne,10,m,44.0,208.0,1.6697
NB1RGB,n,a,6.0,20Ne,10,m,58.0,138.0,2.1
NB1RGB,n,a,6.0,20Ne,10,m,127.0,49.0,2.9802
NB1RGB,n,a,6.0,20Ne,10,m,156.0,38.0,2.8203
NB1RGB,n,a,6.0,20Ne,10,m,184.0,31.0,3.3598
NB1RGB,n,a,6.0,28Si,14,m,55.0,500.0,2.0701
NB1RGB,n,a,6.0,28Si,14,m,59.0,400.0,1.9506
NB1RGB,n,a,6.0,28Si,14,m,69.0,300.0,1.9999
NB1RGB,n,a,6.0,28Si,14,m,113.0,140.0,2.5409
NB1RGB,n,a,6.0,28Si,14,m,145.0,100.0,2.9309
NB1RGB,n,a,6.0,28Si,14,m,173.0,80.0,3.04
NB1RGB,n,a,6.0,28Si,14,m,214.0,60.0,2.9399
NB1RGB,n,a,6.0,56Fe,26,m,200.0,450.0,3.2402
NB1RGB,n,a,6.0,56Fe,26,m,260.0,270.0,3.0206
NB1RGB,n,a,6.0,56Fe,26,m,300.0,210.0,2.78
NB1RGB,n,a,6.0,56Fe,26,m,350.0,165.0,2.6201
NB1RGB,n,a,6.0,56Fe,26,m,400.0,135.0,2.5095
HF19,n,a,6.0,12C,6,m,39.0,59.0,2.6706
HF19,n,a,6.0,12C,6,m,94.0,19.0,1.8899
HF19,n,a,6.0,12C,6,m,222.0,6.7,1.3122
HF19,n,a,6.0,12C,6,m,303.0,4.5,1.3434
M/10,n,a,6.0,12C,6,m,13.0,290.0,1.4845
M/10,n,a,6.0,12C,6,m,24.0,135.0,1.55
M/10,n,a,6.0,12C,6,m,39.0,59.0,2.2161
M/10,n,a,6.0,12C,6,m,94.0,19.0,4.0129
M/10,n,a,6.0,12C,6,m,222.0,6.7,3.193
M/10,n,a,6.0,12C,6,m,303.0,4.5,3.3325
SCC25,t,a,6.0,12C,6,m,13.0,290.0,1.0476
SCC25,t,a,6.0,12C,6,m,24.0,135.0,1.0951
SCC25,t,a,6.0,12C,6,m,94.0,19.0,3.982
SCC25,t,a,6.0,12C,6,m,222.0,6.7,1.4757
SCC25,t,a,6.0,12C,6,m,303.0,4.5,1.3806
SQ20B,t,a,6.0,12C,6,m,13.0,290.0,1.2357
SQ20B,t,a,6.0,12C,6,m,24.0,135.0,1.357
SQ20B,t,a,6.0,12C,6,m,39.0,59.0,2.2375
SQ20B,t,a,6.0,12C,6,m,94.0,19.0,3.8576
SQ20B,t,a,6.0,12C,6,m,222.0,6.7,2.7614
SQ20B,t,a,6.0,12C,6,m,303.0,4.5,2.7236
V79,n,a,5.6,12C,6,m,13.0,290.0,1.1545
V79,n,a,5.6,12C,6,m,24.0,135.0,1.2504
V79,n,a,5.6,12C,6,m,94.0,19.0,3.9572
V79,n,a,5.6,12C,6,m,222.0,6.7,3.1775
V79,n,a,5.6,12C,6,m,303.0,4.5,2.2536
M/10,n,a,6.0,12C,6,s,40.0,57.0,1.5596
M/10,n,a,6.0,12C,6,s,75.0,26.0,2.0756
SCC25,t,a,6.0,12C,6,s,40.0,57.0,1.4916
SCC25,t,a,6.0,12C,6,s,50.0,43.0,1.5392
SCC25,t,a,6.0,12C,6,s,75.0,26.0,1.666
SQ20B,t,a,6.0,12C,6,s,40.0,57.0,1.9609
SQ20B,t,a,6.0,12C,6,s,50.0,43.0,1.9455
SQ20B,t,a,6.0,12C,6,s,75.0,26.0,2.569
V79,n,a,5.6,12C,6,s,40.0,57.0,1.854
V79,n,a,5.6,12C,6,s,50.0,43.0,1.9843
V79,n,a,5.6,12C,6,s,75.0,26.0,2.6042
V79,n,a,5.6,1H,1,m,7.7,5.01,1.061
V79,n,a,5.6,1H,1,m,11.0,3.2,1.3343
V79,n,a,5.6,1H,1,m,20.0,1.41,1.582
V79,n,a,5.6,1H,1,m,30.5,0.76,1.8202
V79,n,a,5.6,1H,1,m,34.6,0.64,1.6487
V79,n,a,5.6,1H,1,m,37.8,0.57,1.4646
V79,n,a,5.6,40Ar,18,s,110.9,330.0,2.5204
V79,n,a,5.6,40Ar,18,s,304.9,72.0,2.4172
V79,n,a,5.6,40Ar,18,s,409.2,48.0,1.5037
V79,n,a,5.6,4He,2,m,19.1,9.93,1.2199
V79,n,a,5.6,7Li,3,m,43.4,9.85,2.3666
V79,n,a,5.6,11B,5,m,129.5,9.17,3.6216
V79,n,a,5.6,12C,6,m,191.0,8.93,3.853
V79,n,a,5.6,20Ne,10,m,656.0,6.15,2.1511
V79,n,a,5.6,40Ar,18,m,2000.0,5.09,1.1094
RAT-1,t,a,5.6,12C,6,m,13.3,270.0,1.1055
RAT-1,t,a,5.6,12C,6,m,26.0,100.0,1.3315
RAT-1,t,a,5.6,12C,6,m,163.0,9.9,3.5686
IEC-6,n,a,5.6,12C,6,m,13.3,270.0,1.038
IEC-6,n,a,5.6,12C,6,m,26.0,100.0,1.2581
IEC-6,n,a,5.6,12C,6,m,163.0,9.9,3.9212
V79,n,a,5.6,1H,1,m,6.0,7.4,1.7674
V79,n,a,5.6,1H,1,m,12.0,3.0,2.1258
EUE,n,a,6.0,1H,1,m,5.8,8.0,1.5232
EUE,n,a,6.0,1H,1,m,4.0,12.0,1.2996
EUE,n,a,6.0,1H,1,m,1.83,31.0,0.6498
V79,n,a,5.6,4He,2,m,20.0,8.8,1.7316
V79,n,a,5.6,4He,2,m,50.0,2.9,3.0371
HF19,n,a,6.0,4He,2,m,28.0,5.9,1.5817
HF19,n,a,6.0,4He,2,m,68.0,1.9,3.2376
V79,n,a,5.6,1H,1,s,2.33,22.8,1.3731
V79,n,a,5.6,1H,1,s,2.73,18.8,1.378
V79,n,a,5.6,1H,1,s,2.89,17.6,1.3786
V79,n,a,5.6,1H,1,s,3.09,16.1,1.3872
V79,n,a,5.6,1H,1,s,3.29,14.75,1.3927
V79,n,a,5.6,1H,1,s,3.44,14.05,1.3949
V79,n,a,5.6,1H,1,s,3.7,12.8,1.3911
V79,n,a,5.6,1H,1,s,4.0,11.6,1.4061
V79,n,a,5.6,1H,1,s,4.41,10.2,1.4122
V79,n,a,5.6,1H,1,s,5.11,8.55,1.4309
V79,n,a,5.6,1H,1,s,6.23,6.8,1.4874
U87-MG,t,a,6.0,12C,6,s,103.0,18.0,2.3844
U87-MG,t,a,6.0,12C,6,m,170.0,9.8,4.115
LN229,t,a,6.0,12C,6,s,103.0,18.0,2.4637
LN229,t,a,6.0,12C,6,m,170.0,9.8,4.0619
SuSa,n,G0/G1,6.0,12C,6,m,24.0,120.0,1.1907
SuSa,n,G0/G1,6.0,12C,6,m,40.0,60.0,1.1907
SuSa,n,G0/G1,6.0,12C,6,m,50.0,43.0,1.2601
SuSa,n,G0/G1,6.0,12C,6,m,60.0,35.0,1.5294
SuSa,n,G0/G1,6.0,56Fe,26,m,200.0,450.0,1.8099
AT1OS,n,G0/G1,6.0,12C,6,m,24.0,120.0,1.3199
AT1OS,n,G0/G1,6.0,12C,6,m,40.0,60.0,1.5898
AT1OS,n,G0/G1,6.0,12C,6,m,50.0,43.0,1.6
AT1OS,n,G0/G1,6.0,12C,6,m,60.0,35.0,1.5
AT1OS,n,G0/G1,6.0,56Fe,26,m,200.0,450.0,1.5398
LS-174T,t,a,6.0,1H,1,s,4.0,11.6,1.2316
V79,n,a,5.6,1H,1,s,4.0,11.6,1.2832
C3H10T1/2,n,a,5.6,12C,6,m,10.5,440.0,1.0362
C3H10T1/2,n,a,5.6,20Ne,10,m,32.0,360.0,1.2677
C3H10T1/2,n,a,5.6,28Si,14,m,51.0,580.0,1.546
C3H10T1/2,n,a,5.6,28Si,14,m,83.0,225.0,2.2102
C3H10T1/2,n,a,5.6,40Ar,18,m,140.0,215.0,2.3786
C3H10T1/2,n,a,5.6,56Fe,26,m,198.0,460.0,2.5287
C3H10T1/2,n,a,5.6,56Fe,26,m,290.0,220.0,1.5892
C3H10T1/2,n,a,5.6,56Fe,26,m,480.0,103.0,1.7963
C3H10T1/2,n,a,5.6,238U,92,m,2080.0,990.0,0.8927
C3H10T1/2,n,a,5.6,2H,1,m,3.8,12.9,0.7749
C3H10T1/2,n,a,5.6,1H,1,m,15.0,2.25,2.3134
C3H10T1/2,n,a,5.6,2H,1,m,40.0,0.275,3.3141
C3H10T1/2,n,a,5.6,3He,2,m,75.0,1.67,4.2985
C3H10T1/2,n,a,5.6,4He,2,m,90.0,1.28,3.4101
C3H10T1/2,n,a,5.6,4He,2,m,120.0,0.83,4.8508
C3H10T1/2,n,a,5.6,4He,2,m,150.0,0.59,5.0909
C3H10T1/2,n,a,5.6,4He,2,m,200.0,0.36,3.5062
C3H10T1/2,n,a,5.6,12C,6,m,265.0,5.36,4.2745
C3H10T1/2,n,a,5.6,16O,8,m,418.0,6.04,2.3538
CHO,n,a,5.6,12C,6,m,438.0,2.78,2.6518
CHO,n,a,5.6,12C,6,m,576.0,1.69,2.1346
CHO,n,a,5.6,20Ne,10,m,1017.0,2.81,1.4265
CHO,n,a,5.6,20Ne,10,m,1245.0,1.74,1.2051
A549,t,a,6.0,12C,6,m,168.0,9.9,2.9518
V79,n,a,5.6,12C,6,m,13.0,283.0,1.055
V79,n,a,5.6,12C,6,m,30.0,83.0,1.4797
V79,n,a,5.6,12C,6,m,60.0,35.0,2.5456
V79,n,a,5.6,12C,6,m,110.0,16.0,3.0769
V79,n,a,5.6,12C,6,m,152.0,11.0,3.1741
V79,n,a,5.6,12C,6,m,237.0,6.4,2.1683
SHE,n,a,5.6,12C,6,m,13.0,283.0,1.2698
SHE,n,a,5.6,12C,6,m,50.0,43.0,1.863
SHE,n,a,5.6,12C,6,m,100.0,18.5,2.5026
SHE,n,a,5.6,26Si,14,m,150.0,95.0,2.1416
SHE,n,a,5.6,26Si,14,m,240.0,50.0,1.8237
SHE,n,a,5.6,26Si,14,m,400.0,25.0,1.4725
H1299,t,a,6.0,12C,6,m,13.0,280.0,1.1005
H1299,t,a,6.0,20Ne,10,m,35.0,300.0,1.4322
H1299,t,a,6.0,26Si,14,m,55.0,500.0,1.6041
H1299,t,a,6.0,40Ar,18,m,85.0,600.0,1.6811
H1299,t,a,6.0,56Fe,26,m,200.0,450.0,2.0552
H1299,t,a,6.0,12C,6,m,30.0,80.0,0.6336
H1299,t,a,6.0,12C,6,m,70.0,28.0,1.789
H1299,t,a,6.0,12C,6,m,100.0,20.0,2.3487
V79,n,a,5.6,4He,2,m,110.0,1.625,6.3854
T1,n,a,6.0,4He,2,m,25.0,6.8,1.69
T1,n,a,6.0,4He,2,m,61.0,2.2,2.9814
T1,n,a,6.0,4He,2,m,88.0,1.3,3.7861
T1,n,a,6.0,4He,2,m,110.0,0.93,4.4379
T1,n,a,6.0,4He,2,m,165.0,0.46,3.0842
C3H10T1/2,n,a,6.0,2H,1,m,40.0,0.55,0.9578
V79,n,S,5.6,40Ar,18,m,370.0,55.0,2.5253
HF19,n,a,6.0,4He,2,m,20.0,8.8,1.3674
HF19,n,a,6.0,4He,2,m,50.0,2.8,2.4836
HF19,n,a,6.0,4He,2,m,90.0,1.24,3.9635
HF19,n,a,6.0,11B,5,m,110.0,10.3,3.7127
HF19,n,a,6.0,11B,5,m,160.0,6.6,3.4995
HF19,n,a,6.0,11B,5,m,200.0,5.0,2.5086
HF19,n,a,6.0,14N,7,m,470.0,3.8,1.7311
HL-60,t,a,6.0,12C,6,m,20.0,126.0,1.7311
HL-60,t,a,6.0,12C,6,m,60.0,32.0,2.8343
HL-60,t,a,6.0,12C,6,m,80.0,26.0,2.6514
HL-60,t,a,6.0,26Si,14,m,100.0,143.0,2.6607
HL-60,t,a,6.0,26Si,14,m,200.0,57.0,2.6756
HL-60,t,a,6.0,26Si,14,m,300.0,30.0,2.2071
HL-60,t,a,6.0,56Fe,26,m,440.0,100.0,1.3579
V79,n,a,5.6,14N,7,m,78.0,37.0,2.4064
V79,n,a,5.6,14N,7,m,165.0,14.4,3.1141
V79,n,a,5.6,4He,2,m,6.0,39.0,1.7227
V79,n,a,5.6,4He,2,m,28.0,5.9,2.1178
V79,n,a,5.6,4He,2,m,70.0,1.8,3.3316
V79,n,a,5.6,4He,2,m,90.0,1.24,4.0252
V79,n,a,5.6,11B,5,m,110.0,10.3,2.7098
V79,n,a,5.6,11B,5,m,200.0,5.0,3.7651
V79,n,a,5.6,14N,7,m,470.0,3.8,2.3481
V79,n,a,5.6,12C,6,m,20.0,144.0,0.8835
V79,n,a,5.6,56Fe,26,m,200.0,416.0,3.0286
V79,n,a,5.6,56Fe,26,m,797.0,53.0,1.5152
V79,n,a,5.6,56Fe,26,m,1298.0,29.0,1.1979
V79,n,a,5.6,56Fe,26,m,2106.0,16.0,0.9682
CHO,n,a,5.6,12C,6,m,79.6,24.0,2.1751
R-1,t,a,5.6,12C,6,s,11.0,389.0,1.336
R-1,t,a,5.6,12C,6,s,16.0,200.0,1.3977
R-1,t,a,5.6,12C,6,s,30.5,81.0,1.4867
R-1,t,a,5.6,12C,6,s,36.0,65.5,1.5739
R-1,t,a,5.6,12C,6,s,38.0,61.0,1.5497
R-1,t,a,5.6,12C,6,s,46.0,48.0,1.6979
R-1,t,a,5.6,12C,6,s,52.5,40.5,1.6555
R-1,t,a,5.6,12C,6,s,64.0,32.0,1.4333
R-1,t,a,5.6,12C,6,s,75.0,26.0,1.907
R-1,t,a,5.6,12C,6,s,90.0,21.0,2.1128
R-1,t,a,5.6,12C,6,s,95.0,19.5,1.9328
R-1,t,a,5.6,20Ne,10,s,31.0,379.0,1.6202
R-1,t,a,5.6,20Ne,10,s,35.0,299.0,1.3777
R-1,t,a,5.6,20Ne,10,s,58.5,133.0,1.5968
R-1,t,a,5.6,20Ne,10,s,70.0,105.0,1.6848
R-1,t,a,5.6,20Ne,10,s,74.0,97.0,1.9374
R-1,t,a,5.6,20Ne,10,s,90.0,75.0,1.3245
R-1,t,a,5.6,20Ne,10,s,120.0,52.0,2.2388
R-1,t,a,5.6,20Ne,10,s,122.5,50.0,2.0255
R-1,t,a,5.6,20Ne,10,s,150.0,39.0,1.8882
R-1,t,a,5.6,20Ne,10,s,177.5,32.0,2.6795
R-1,t,a,5.6,20Ne,10,s,185.0,30.0,2.008
R-1,t,a,5.6,40Ar,18,s,95.0,428.0,2.3459
R-1,t,a,5.6,40Ar,18,s,210.0,116.5,2.4544
R-1,t,a,5.6,40Ar,18,s,280.0,79.0,2.5188
R-1,t,a,5.6,40Ar,18,s,430.0,46.0,2.3966
R-1,t,a,5.6,40Ar,18,s,540.0,34.5,2.1129
R-1,t,a,5.6,40Ar,18,s,750.0,22.0,2.0285
V79,n,a,5.6,12C,6,m,27.5,92.5,1.589
V79,n,a,5.6,12C,6,m,153.0,10.2,2.6971
AG1522B,n,a,6.0,12C,6,m,153.5,11.0,2.2823
AG1522B,n,a,6.0,12C,6,m,16.6,195.0,1.2283
AG1522B,n,a,6.0,58Ni,28,m,2455.0,9.9,0.5596
PS1,n,a,6.0,12C,6,m,16.6,195.0,1.0199
B14FAF28,n,a,5.6,40Ar,18,m,1950.0,3.88,0.5408
B14FAF28,n,a,5.6,40Ar,18,m,1800.0,4.64,0.6506
B14FAF28,n,a,5.6,40Ar,18,m,1350.0,8.4,1.0091
B14FAF28,n,a,5.6,40Ar,18,m,1280.0,9.24,1.0343
B14FAF28,n,a,5.6,48Ti,22,m,2710.0,3.68,0.5251
B14FAF28,n,a,5.6,48Ti,22,m,2140.0,7.03,0.4907
B14FAF28,n,a,5.6,58Ni,28,m,3910.0,3.6,0.295
B14FAF28,n,a,5.6,84Kr,36,m,5600.0,3.17,0.2128
B14FAF28,n,a,5.6,84Kr,36,m,4700.0,7.0,0.4221
B14FAF28,n,a,5.6,132Xe,54,m,4100.0,0.24,0.4252
B14FAF28,n,a,5.6,132Xe,54,m,8800.0,5.2,0.1919
B14FAF28,n,a,5.6,132Xe,54,m,8700.0,5.71,0.1367
B14FAF28,n,a,5.6,132Xe,54,m,8200.0,7.29,0.1889
B14FAF28,n,a,5.6,132Xe,54,m,8000.0,8.16,0.1771
B14FAF28,n,a,5.6,142Nd,60,m,10590.0,3.17,0.1625
B14FAF28,n,a,5.6,208Pb,82,m,5400.0,0.26,0.1452
B14FAF28,n,a,5.6,208Pb,82,m,14200.0,3.58,0.1596
B14FAF28,n,a,5.6,208Pb,82,m,13900.0,7.81,0.1712
B14FAF28,n,a,5.6,238U,92,m,6500.0,0.3,0.1201
B14FAF28,n,a,5.6,238U,92,m,14500.0,1.95,0.1067
B14FAF28,n,a,5.6,238U,92,m,15500.0,3.16,0.1147
B14FAF28,n,a,5.6,238U,92,m,15800.0,4.37,0.1094
B14FAF28,n,a,5.6,238U,92,m,15400.0,7.07,0.1452
B14FAF28,n,a,5.6,238U,92,m,15000.0,8.61,0.1538
V79,n,a,5.6,12C,6,m,390.0,2.4,2.0743
V79,n,a,5.6,12C,6,m,290.0,3.9,2.6979
V79,n,a,5.6,12C,6,m,280.0,4.1,2.7382
V79,n,a,5.6,12C,6,m,240.0,5.2,2.943
V79,n,a,5.6,12C,6,m,225.0,5.7,2.4404
V79,n,a,5.6,12C,6,m,215.0,6.1,3.3216
V79,n,a,5.6,12C,6,m,180.0,7.6,2.8468
V79,n,a,5.6,12C,6,m,162.0,8.7,2.912
V79,n,a,5.6,16O,8,m,392.0,5.6,2.0805
V79,n,a,5.6,16O,8,m,278.0,8.7,3.0702
V79,n,a,5.6,18F,9,m,834.0,2.2,0.8004
V79,n,a,5.6,18F,9,m,622.0,3.8,1.2308
V79,n,a,5.6,18F,9,m,515.0,5.2,1.7269
V79,n,a,5.6,40Ar,18,m,2400.0,1.9,0.2599
V79,n,a,5.6,40Ar,18,m,1750.0,5.1,0.5903
V79,n,a,5.6,40Ar,18,m,1300.0,9.1,0.4826
V79,n,a,5.6,40Ar,18,m,1175.0,10.4,0.8778
V79,n,a,5.6,40Ar,18,m,940.0,14.2,1.1999
V79,n,a,5.6,40Ar,18,m,830.0,16.9,1.3114
V79,n,a,5.6,40Ar,18,m,730.0,20.0,1.8262
V79,n,a,5.6,40Ar,18,m,480.0,35.0,2.1301
V79,n,a,5.6,40Ar,18,m,155.0,165.0,2.853
V79,n,a,5.6,40Ar,18,m,150.0,170.0,3.5046
V79,n,a,5.6,40Ca,20,m,1500.0,10.6,0.3936
V79,n,a,5.6,56Fe,26,m,1590.0,0.1,0.1154
V79,n,a,5.6,56Fe,26,m,1950.0,13.0,0.649
V79,n,a,5.6,56Fe,26,m,1650.0,17.0,0.8252
V79,n,a,5.6,56Fe,26,m,650.0,60.0,1.637
V79,n,a,5.6,56Fe,26,m,520.0,80.0,2.0867
V79,n,a,5.6,56Fe,26,m,460.0,95.0,1.9254
V79,n,a,5.6,56Fe,26,m,185.0,400.0,3.3774
V79,n,a,5.6,58Ni,28,m,5170.0,0.7,0.0758
V79,n,a,5.6,58Ni,28,m,4480.0,1.8,0.1289
V79,n,a,5.6,58Ni,28,m,4160.0,2.5,0.1945
V79,n,a,5.6,58Ni,28,m,3700.0,4.5,0.3174
V79,n,a,5.6,58Ni,28,m,3350.0,6.1,0.3356
V79,n,a,5.6,84Kr,36,m,5800.0,2.83,0.1541
V79,n,a,5.6,84Kr,36,m,4000.0,11.0,0.2659
V79,n,a,5.6,84Kr,36,m,3950.0,11.1,0.284
V79,n,a,5.6,84Kr,36,m,3190.0,17.9,0.3997
V79,n,a,5.6,84Kr,36,m,3150.0,18.0,0.4304
V79,n,a,5.6,132Xe,54,m,9100.0,3.75,0.1128
V79,n,a,5.6,132Xe,54,m,8800.0,5.3,0.1101
V79,n,a,5.6,132Xe,54,m,8500.0,6.2,0.1317
V79,n,a,5.6,132Xe,54,m,8400.0,6.51,0.1712
V79,n,a,5.6,132Xe,54,m,7600.0,10.1,0.1655
V79,n,a,5.6,132Xe,54,m,7400.0,11.3,0.1887
V79,n,a,5.6,132Xe,54,m,7000.0,13.3,0.1684
V79,n,a,5.6,132Xe,54,m,6600.0,15.8,0.2122
V79,n,a,5.6,132Xe,54,m,6300.0,17.7,0.2004
V79,n,a,5.6,238U,92,m,12500.0,1.1,0.0899
V79,n,a,5.6,238U,92,m,13500.0,1.7,0.0899
V79,n,a,5.6,238U,92,m,15000.0,2.5,0.0804
V79,n,a,5.6,238U,92,m,15200.0,2.75,0.0874
V79,n,a,5.6,238U,92,m,15500.0,3.2,0.0923
V79,n,a,5.6,238U,92,m,15700.0,3.85,0.085
V79,n,a,5.6,238U,92,m,15750.0,4.1,0.0948
V79,n,a,5.6,238U,92,m,15800.0,4.7,0.085
V79,n,a,5.6,238U,92,m,15600.0,6.9,0.1024
V79,n,a,5.6,238U,92,m,14400.0,12.3,0.1428
V79,n,a,5.6,238U,92,m,14000.0,13.3,0.1484
V79,n,a,5.6,238U,92,m,13800.0,13.7,0.1484
CHO,n,a,5.6,20Ne,10,m,30.25,396.0,1.5153
CHO,n,a,5.6,16O,8,m,21.4,325.0,1.4287
CHO,n,a,5.6,12C,6,m,13.3,270.0,1.5326
CHO,n,a,5.6,20Ne,10,m,410.0,11.0,2.4321
CHO,n,a,5.6,16O,8,m,265.0,11.0,2.8074
CHO,n,a,5.6,12C,6,m,150.0,11.0,3.5776
V79,n,a,5.6,238U,92,m,16500.0,5.0,0.1033
V79,n,a,5.6,12C,6,m,150.0,11.0,4.4667
AA,t,a,6.0,10B,5,m,40.0,36.6,1.9664
AA,t,a,6.0,10B,5,m,80.0,15.3,2.814
AA,t,a,6.0,10B,5,m,160.0,6.6,3.2525
C3H10T1/2,n,a,5.6,56Fe,26,m,500.0,300.0,1.8089
C3H10T1/2,n,a,5.6,238U,92,m,1900.0,960.0,0.8268
CHO,n,a,5.6,12C,6,m,150.0,11.0,2.9417
CHO,n,a,5.6,12C,6,m,32.0,77.0,1.9766
CHO,n,a,5.6,12C,6,m,16.6,190.0,1.572
CHO,n,a,5.6,12C,6,m,13.5,266.0,1.6594
CHO,n,a,5.6,16O,8,m,265.0,11.0,2.8527
CHO,n,a,5.6,16O,8,m,50.5,89.0,2.2296
CHO,n,a,5.6,16O,8,m,29.0,194.0,1.7512
CHO,n,a,5.6,16O,8,m,19.4,395.0,1.4966
V79,n,a,5.6,1H,1,m,16.9,1.9,1.7445
V79,n,a,5.6,1H,1,m,23.7,1.15,1.8958
V79,n,a,5.6,1H,1,m,31.0,0.76,3.3197
V79,n,a,5.6,4He,2,m,108.0,0.95,4.2218
AA8,n,a,5.6,12C,6,m,13.0,283.0,1.233
AA8,n,a,5.6,12C,6,m,30.0,83.0,1.4011
AA8,n,a,5.6,12C,6,m,50.0,43.0,2.061
AA8,n,a,5.6,56Fe,26,m,200.0,290.0,3.0232
HE,n,G1/G0,6.0,12C,6,m,22.0,126.0,1.9539
HE,n,G1/G0,6.0,12C,6,m,39.0,59.0,2.2162
HE,n,G1/G0,6.0,12C,6,m,68.0,29.3,2.4346
HE,n,G1/G0,6.0,12C,6,m,75.0,26.0,2.8141
HE,n,G1/G0,6.0,12C,6,m,110.0,16.4,3.5513
HE,n,G1/G0,6.0,12C,6,m,124.0,14.0,3.2992
HE,n,G1/G0,6.0,12C,6,m,148.0,11.2,2.9636
HE,n,G1/G0,6.0,12C,6,m,230.0,6.6,2.691
C32TG,t,a,6.0,12C,6,s,50.0,43.4,0.5221
Colo679,t,a,6.0,12C,6,s,50.0,43.4,0.6239
HMV-I,t,a,6.0,12C,6,s,50.0,43.4,0.5855
HMV-II,t,a,6.0,12C,6,s,50.0,43.4,0.5671
92-1,t,a,6.0,12C,6,s,50.0,43.4,0.7129
MeWo,t,a,6.0,12C,6,s,50.0,43.4,0.6502
CHO,n,a,5.6,12C,6,m,20.0,144.0,1.8586
CHO,n,a,5.6,12C,6,m,60.0,35.0,2.302
CHO,n,a,5.6,12C,6,m,82.0,23.5,2.7732
CHO,n,a,5.6,12C,6,m,99.0,18.7,2.8563
CHO,n,a,5.6,20Ne,10,m,102.0,64.0,3.0504
CHO,n,a,5.6,20Ne,10,m,120.0,52.0,3.0781
CHO,n,a,5.6,20Ne,10,m,171.0,34.0,3.6602
CHO,n,a,5.6,20Ne,10,m,228.0,23.4,3.4107
CHO,n,a,5.6,20Ne,10,m,341.0,14.0,2.8563
CHO,n,a,5.6,40Ar,18,m,341.0,105.7,0.8339
CHO,n,a,5.6,56Fe,26,m,780.0,55.0,1.3321
CHO,n,a,5.6,56Fe,26,m,1200.0,28.0,1.0552
CHO,n,a,5.6,56Fe,26,m,2000.0,13.0,0.8062
HTh7,t,a,6.0,4He,2,s,40.0,3.82,1.4598
B16,t,a,5.6,4He,2,s,40.0,3.82,2.403
IGR,t,a,6.0,4He,2,s,40.0,3.82,1.7436
V79,n,a,5.6,4He,2,s,40.0,3.82,1.7966
V79,n,a,5.6,14N,7,m,125.0,20.3,3.1898
LS-174T,t,a,6.0,4He,2,s,40.0,3.82,1.6898
LS-174T,t,a,6.0,14N,7,m,125.0,20.3,3.2283
U-343MG,t,a,6.0,4He,2,s,40.0,3.82,1.8478
U-343MG,t,a,6.0,14N,7,m,125.0,20.3,4.9778
DU-145,t,a,6.0,4He,2,s,40.0,3.82,2.1023
CHO,n,a,5.6,12C,6,m,70.0,28.5,1.8477
CHO,n,a,5.6,56Fe,26,m,200.0,430.0,3.3602
Xrs,n,a,5.6,12C,6,m,70.0,28.5,1.2138
Xrs,n,a,5.6,56Fe,26,m,200.0,430.0,1.4311
Ku80,n,a,5.6,12C,6,m,70.0,28.5,2.4141
Ku80,n,a,5.6,56Fe,26,m,200.0,430.0,4.0529
HFLIII,n,a,6.0,12C,6,m,70.0,28.5,1.8597
HFLIII,n,a,6.0,56Fe,26,m,200.0,430.0,2.6354
180BR,n,a,6.0,12C,6,m,70.0,28.5,0.9299
180BR,n,a,6.0,56Fe,26,m,200.0,430.0,1.7022
NB1RGB,n,a,6.0,12C,6,m,20.0,144.0,1.2907
NB1RGB,n,a,6.0,12C,6,m,40.0,57.0,1.4747
NB1RGB,n,a,6.0,12C,6,m,80.0,24.0,2.2359
U87MG,t,a,6.0,12C,6,m,20.0,144.0,1.4141
U87MG,t,a,6.0,12C,6,m,40.0,57.0,1.6829
U87MG,t,a,6.0,12C,6,m,80.0,24.0,2.1563
TK1,t,a,6.0,12C,6,m,20.0,144.0,1.7113
TK1,t,a,6.0,12C,6,m,40.0,57.0,2.0887
TK1,t,a,6.0,12C,6,m,80.0,24.0,3.4961
ChangHL,n,a,6.0,7Li,3,m,55.0,7.0,1.9016
ChangHL,n,a,6.0,12C,6,m,220.0,7.0,2.0347
ChangHL,n,a,6.0,40Ar,18,m,1940.0,5.3,0.4822
M3-1,n,a,5.6,7Li,3,m,55.0,7.0,2.32
M3-1,n,a,5.6,11B,5,m,165.0,6.3,2.4236
M3-1,n,a,5.6,12C,6,m,220.0,7.0,2.394
M3-1,n,a,5.6,14N,7,m,350.0,5.7,2.1442
M3-1,n,a,5.6,16O,8,m,385.0,7.0,1.9748
M3-1,n,a,5.6,20Ne,10,m,580.0,7.0,1.7187
M3-1,n,a,5.6,40Ar,18,m,1940.0,5.3,0.682
V79,n,a,5.6,4He,2,m,106.0,1.3,4.9506
A172,t,a,6.0,12C,6,s,70.0,28.5,1.7991
A172,t,a,6.0,4He,2,s,156.0,0.51,1.2127
A172neo,t,a,6.0,12C,6,s,70.0,28.5,1.7653
A172neo,t,a,6.0,4He,2,s,156.0,0.51,1.1634
A172mp53,t,a,6.0,12C,6,s,70.0,28.5,2.0274
A172mp53,t,a,6.0,4He,2,s,156.0,0.51,1.3523
TG98G,t,a,6.0,12C,6,s,70.0,28.5,1.9121
TG98G,t,a,6.0,4He,2,s,156.0,0.51,1.3311
H1299wtp53,t,a,6.0,12C,6,m,30.0,83.0,1.301
H1299wtp53,t,a,6.0,12C,6,m,70.0,28.5,1.7193
H1299wtp53,t,a,6.0,12C,6,m,100.0,18.5,2.3036
H1299tp53,t,a,6.0,12C,6,m,30.0,83.0,1.6237
H1299tp53,t,a,6.0,12C,6,m,70.0,28.5,2.4618
H1299tp53,t,a,6.0,12C,6,m,100.0,18.5,3.2839
H1299tp53-null,t,a,6.0,12C,6,m,30.0,83.0,1.7755
H1299tp53-null,t,a,6.0,12C,6,m,70.0,28.5,2.8642
H1299tp53-null,t,a,6.0,12C,6,m,100.0,18.5,3.6085
OCUB-M,t,a,6.0,12C,6,s,80.0,24.0,2.8421
CRL-1500,t,a,6.0,12C,6,s,80.0,24.0,2.777
YMB-1,t,a,6.0,12C,6,s,80.0,24.0,2.2323
Aprt,n,a,5.6,56Fe,26,m,151.4,1000.0,1.954
AG01522,n,a,6.0,4He,2,m,16.2,11.5,1.4414
AG01522,n,a,6.0,12C,6,m,76.3,25.5,2.9681
AG01522,n,a,6.0,12C,6,m,108.0,17.0,3.887
AG01522,n,a,6.0,20Ne,10,m,321.0,15.0,3.3476
AG01522,n,a,6.0,20Ne,10,m,437.0,10.0,2.7373
AG01522,n,a,6.0,40Ar,18,m,1610.0,7.0,0.8293
V79,n,a,5.6,12C,6,m,100.0,18.5,3.3857
V79,n,a,5.6,4He,2,m,120.0,0.81,5.7292
V79,n,a,5.6,40Ar,18,m,86.0,575.0,2.7407
V79,n,a,5.6,58Fe,26,m,442.0,115.0,2.7333
SASmp53,t,a,6.0,12C,6,m,30.0,83.0,1.7146
SASmp53,t,a,6.0,12C,6,m,70.0,28.5,2.6908
SASmp53,t,a,6.0,12C,6,m,100.0,18.5,3.7255
SASmp53,t,a,6.0,12C,6,m,150.0,11.0,2.6874
SASneo,t,a,6.0,12C,6,m,30.0,83.0,1.4872
SASneo,t,a,6.0,12C,6,m,70.0,28.5,2.3162
SASneo,t,a,6.0,12C,6,m,100.0,18.5,0.338
SASneo,t,a,6.0,12C,6,m,150.0,11.0,2.2068
AG1522,n,a,6.0,56Fe,26,m,442.0,200.0,1.4561
AG1522,n,a,6.0,56Fe,26,m,200.0,500.0,1.9115
AG1522,n,a,6.0,56Fe,26,m,147.0,1000.0,2.1633
AG1522,n,a,6.0,48Ti,22,m,106.0,970.0,2.0713
AG1522,n,a,6.0,26Si,14,m,56.0,490.0,2.0016
B16-F0,t,a,5.6,1H,1,m,3.4,14.4,0.9871
B16-F0,t,a,5.6,1H,1,m,14.0,2.9,1.6093
B16-F0,t,a,5.6,6Li,3,m,135.0,14.0,3.2699
HEK,n,a,6.0,13C,6,m,33.2,72.4,2.058
HEK,n,a,6.0,13C,6,m,73.2,27.8,2.5803
C3H10T1/2,n,G0/G1,5.6,4He,2,m,177.0,0.45,3.0204
V79-4,n,a,5.6,4He,2,m,121.0,3.26,5.0911
irs1,n,a,5.6,4He,2,m,121.0,3.26,3.0727
irs2,n,a,5.6,4He,2,m,121.0,3.26,3.2444
irs3,n,a,5.6,4He,2,m,121.0,3.26,3.8179
CHO-K1,n,a,5.6,4He,2,m,121.0,3.26,3.1764
xrs5,n,a,5.6,4He,2,m,121.0,3.26,1.5645
V79,Null,Null,0.0,1H,1,Null,7.7,6.0,1.06
V79,Null,Null,0.0,1H,1,Null,10.1,3.66,1.25
V79,Null,Null,0.0,1H,1,Null,11.0,4.5,1.33
V79,Null,Null,0.0,1H,1,Null,17.0,4.0,1.61
V79,Null,Null,0.0,1H,1,Null,17.8,1.83,1.4
V79,Null,Null,0.0,1H,1,Null,20.0,3.3,1.6
V79,Null,Null,0.0,1H,1,Null,24.0,4.0,1.91
V79,Null,Null,0.0,1H,1,Null,27.6,1.07,1.91
V79,Null,Null,0.0,1H,1,Null,30.5,3.0,1.82
V79,Null,Null,0.0,1H,1,Null,32.0,4.0,3.36
V79,Null,Null,0.0,1H,1,Null,34.6,2.96,1.65
V79,Null,Null,0.0,1H,1,Null,37.8,2.93,1.46
V79,Null,Null,0.0,2H,1,Null,18.5,3.4,1.56
V79,Null,Null,0.0,2H,1,Null,26.3,2.14,1.97
V79,Null,Null,0.0,2H,1,Null,36.1,1.4,2.74
V79,Null,Null,0.0,2H,1,Null,49.8,0.93,3.04
V79,Null,Null,0.0,4He,2,Null,18.6,12.0,1.37
V79 4,Null,Null,0.0,4He,2,Null,20.0,0.0,1.7
V79,Null,Null,0.0,4He,2,Null,23.0,12.0,1.4
V79,Null,Null,0.0,4He,2,Null,23.8,12.0,1.58
V79,Null,Null,0.0,4He,2,Null,24.0,12.0,1.42
V79 4,Null,Null,0.0,4He,2,Null,28.0,0.0,2.1
V79,Null,Null,0.0,4He,2,Null,29.9,12.0,1.49
V79,Null,Null,0.0,4He,2,Null,38.1,12.0,2.18
V79,Null,Null,0.0,4He,2,Null,39.2,12.0,2.1
V79,Null,Null,0.0,4He,2,Null,39.4,12.0,2.0
V79,Null,Null,0.0,12C,6,Null,31.0,135.0,1.74
V79,Null,Null,0.0,12C,6,Null,32.4,85.0,1.5
V79,Null,Null,0.0,12C,6,Null,40.0,290.0,1.87
V79,Null,Null,0.0,12C,6,Null,40.0,400.0,2.3
V79,Null,Null,0.0,12C,6,Null,40.1,135.0,2.35
V79,Null,Null,0.0,12C,6,Null,40.6,135.0,2.16
V79,Null,Null,0.0,12C,6,Null,50.0,290.0,2.0
V79,Null,Null,0.0,12C,6,Null,50.3,135.0,2.76
V79,Null,Null,0.0,12C,6,Null,57.6,135.0,2.36
V79,Null,Null,0.0,12C,6,Null,60.0,290.0,2.58
V79,Null,Null,0.0,12C,6,Null,60.0,135.0,2.67
V79,Null,Null,0.0,12C,6,Null,75.0,290.0,2.6
V79,Null,Null,0.0,12C,6,Null,78.5,135.0,3.29
V79,Null,Null,0.0,12C,6,Null,80.6,135.0,3.13
V79,Null,Null,0.0,12C,6,Null,88.0,135.0,3.35
V79,Null,Null,0.0,12C,6,Null,94.0,19.0,3.98
V79,Null,Null,0.0,12C,6,Null,100.0,290.0,3.51
V79,Null,Null,0.0,12C,6,Null,102.0,135.0,3.63
V79,Null,Null,0.0,12C,6,Null,110.0,290.0,3.15
V79,Null,Null,0.0,12C,6,Null,117.0,135.0,4.18
V79,Null,Null,0.0,12C,6,Null,127.0,135.0,3.45
V79,Null,Null,0.0,12C,6,Null,137.0,135.0,4.53
V79,Null,Null,0.0,12C,6,Null,142.0,135.0,4.45
V79,Null,Null,0.0,12C,6,Null,152.0,135.0,3.15
V79,Null,Null,0.0,12C,6,Null,153.5,11.4,3.8
V79,Null,Null,0.0,12C,6,Null,206.0,12.0,4.06
V79,Null,Null,0.0,12C,6,Null,222.0,6.7,3.19
V79,Null,Null,0.0,12C,6,Null,232.0,12.0,3.27
V79,Null,Null,0.0,12C,6,Null,237.0,135.0,2.09
V79,Null,Null,0.0,12C,6,Null,255.0,12.0,3.29
V79,Null,Null,0.0,12C,6,Null,275.0,6.12,3.0
V79,Null,Null,0.0,12C,6,Null,276.0,12.0,3.63
V79,Null,Null,0.0,12C,6,Null,295.0,0.0,2.9
V79,Null,Null,0.0,12C,6,Null,303.0,4.5,2.25
V79,Null,Null,0.0,12C,6,Null,339.1,5.0,2.6
V79,Null,Null,0.0,12C,6,Null,360.0,12.0,3.29
V79,Null,Null,0.0,12C,6,Null,432.0,12.0,2.59
V79,Null,Null,0.0,12C,6,Null,482.0,3.5,2.0
V79,Null,Null,0.0,12C,6,Null,493.0,12.0,2.57
V79,Null,Null,0.0,12C,6,Null,502.0,12.0,2.39
V79,Null,Null,0.0,14N,7,Null,78.0,45.0,2.41
V79,Null,Null,0.0,14N,7,Null,125.0,21.0,3.22
V79,Null,Null,0.0,14N,7,Null,165.0,45.0,3.12
V79 4,Null,Null,0.0,14N,7,Null,470.0,0.0,2.5
V79,Null,Null,0.0,16O,8,Null,18.0,0.0,1.3
V79,Null,Null,0.0,16O,8,Null,46.0,0.0,1.7
V79,Null,Null,0.0,16O,8,Null,238.0,0.0,3.8
V79,Null,Null,0.0,16O,8,Null,276.0,0.0,3.3
V79,Null,Null,0.0,16O,8,Null,754.0,0.0,1.7
V79,Null,Null,0.0,20Ne,10,Null,28.0,0.0,1.4
V79,Null,Null,0.0,20Ne,10,Null,42.0,0.0,2.0
V79,Null,Null,0.0,20Ne,10,Null,62.1,135.0,2.2
V79,Null,Null,0.0,20Ne,10,Null,62.2,135.0,2.23
V79,Null,Null,0.0,20Ne,10,Null,80.0,135.0,2.46
V79,Null,Null,0.0,20Ne,10,Null,84.6,135.0,2.59
V79,Null,Null,0.0,20Ne,10,Null,91.0,0.0,2.4
V79,Null,Null,0.0,20Ne,10,Null,96.6,135.0,3.0
V79,Null,Null,0.0,20Ne,10,Null,108.0,400.0,2.18
V79,Null,Null,0.0,20Ne,10,Null,110.0,135.0,2.82
V79,Null,Null,0.0,20Ne,10,Null,146.0,135.0,3.52
V79,Null,Null,0.0,20Ne,10,Null,158.0,135.0,3.76
V79,Null,Null,0.0,20Ne,10,Null,178.0,135.0,3.86
V79,Null,Null,0.0,20Ne,10,Null,219.0,135.0,3.54
V79,Null,Null,0.0,20Ne,10,Null,239.0,135.0,3.99
V79,Null,Null,0.0,20Ne,10,Null,287.0,135.0,3.72
V79,Null,Null,0.0,20Ne,10,Null,294.0,0.0,2.0
V79,Null,Null,0.0,20Ne,10,Null,335.0,0.0,2.3
V79,Null,Null,0.0,20Ne,10,Null,366.0,0.0,2.6
V79,Null,Null,0.0,20Ne,10,Null,373.0,135.0,2.97
V79,Null,Null,0.0,20Ne,10,Null,452.0,0.0,1.8
V79,Null,Null,0.0,20Ne,10,Null,528.0,135.0,2.07
V79,Null,Null,0.0,20Ne,10,Null,569.0,135.0,1.26
V79,Null,Null,0.0,40Ar,18,Null,220.0,500.0,1.84
V79,Null,Null,0.0,56Fe,26,Null,200.0,500.0,2.86
V79,Null,Null,0.0,56Fe,26,Null,797.0,90.0,1.5
V79,Null,Null,0.0,56Fe,26,Null,1298.0,90.0,1.13
V79,Null,Null,0.0,56Fe,26,Null,2106.0,90.0,0.9
CHO K1,Null,Null,0.0,12C,6,Null,13.7,270.0,1.5
CHO K1,Null,Null,0.0,12C,6,Null,16.8,195.0,1.5
CHO K1,Null,Null,0.0,12C,6,Null,20.0,212.5,1.6
CHO K1,Null,Null,0.0,12C,6,Null,24.0,212.5,1.4
CHO K1,Null,Null,0.0,12C,6,Null,32.4,85.0,1.9
CHO K1,Null,Null,0.0,12C,6,Null,60.0,212.5,2.3
CHO K1,Null,Null,0.0,12C,6,Null,83.0,212.5,2.5
CHO K1,Null,Null,0.0,12C,6,Null,103.0,18.4,3.5
CHO K1,Null,Null,0.0,12C,6,Null,121.0,212.5,3.1
CHO K1,Null,Null,0.0,12C,6,Null,153.5,11.4,3.7
CHO K1,Null,Null,0.0,12C,6,Null,275.0,6.12,3.2
CHO K1,Null,Null,0.0,12C,6,Null,339.1,5.0,2.6
CHO K1,Null,Null,0.0,12C,6,Null,438.0,33.2,2.7
CHO K1,Null,Null,0.0,12C,6,Null,482.0,3.5,2.2
CHO K1,Null,Null,0.0,12C,6,Null,576.0,9.1,2.2
CHO K1,Null,Null,0.0,12C,6,Null,830.0,48.5,1.7
CHO K1,Null,Null,0.0,12C,6,Null,832.0,20.3,1.7
CHO K1,Null,Null,0.0,20Ne,10,Null,65.0,135.0,2.4
CHO K1,Null,Null,0.0,20Ne,10,Null,67.0,135.0,2.9
CHO K1,Null,Null,0.0,20Ne,10,Null,100.0,135.0,2.7
CHO K1,Null,Null,0.0,20Ne,10,Null,122.0,135.0,3.4
CHO K1,Null,Null,0.0,20Ne,10,Null,171.0,135.0,3.3
CHO K1,Null,Null,0.0,20Ne,10,Null,217.0,135.0,3.2
CHO K1,Null,Null,0.0,20Ne,10,Null,230.0,135.0,2.9
CHO K1,Null,Null,0.0,20Ne,10,Null,300.0,135.0,2.9
CHO K1,Null,Null,0.0,20Ne,10,Null,340.0,135.0,2.6
CHO K1,Null,Null,0.0,20Ne,10,Null,1017.0,56.1,1.5
CHO K1,Null,Null,0.0,20Ne,10,Null,1245.0,34.7,1.2
CHO K1,Null,Null,0.0,20Ne,10,Null,1616.0,15.0,1.1
CHO K1,Null,Null,0.0,40Ar,18,Null,352.0,328.0,2.9
CHO K1,Null,Null,0.0,40Ar,18,Null,660.0,328.0,2.0
CHO K1,Null,Null,0.0,56Fe,26,Null,743.0,90.0,1.6
CHO K1,Null,Null,0.0,56Fe,26,Null,1120.0,90.0,1.2
CHO K1,Null,Null,0.0,56Fe,26,Null,2000.0,90.0,1.08
T1,Null,Null,0.0,beta_particles,1,Null,20.0,0.0,0.85
T1,Null,Null,0.0,2H,1,Null,6.5,6.58,1.12
T1,Null,Null,0.0,4He,2,Null,25.0,6.58,1.8
T1,Null,Null,0.0,7Li,3,Null,55.0,6.58,2.6
T1,Null,Null,0.0,11B,5,Null,165.0,6.58,3.4
T1,Null,Null,0.0,12C,6,Null,10.0,400.0,1.1
T1,Null,Null,0.0,12C,6,Null,13.0,400.0,1.2
T1,Null,Null,0.0,12C,6,Null,16.0,400.0,1.1
T1,Null,Null,0.0,12C,6,Null,21.8,135.0,1.53
T1,Null,Null,0.0,12C,6,Null,23.0,400.0,1.4
T1,Null,Null,0.0,12C,6,Null,29.0,400.0,1.5
T1,Null,Null,0.0,12C,6,Null,39.7,135.0,2.12
T1,Null,Null,0.0,12C,6,Null,39.8,135.0,1.72
T1,Null,Null,0.0,12C,6,Null,61.5,135.0,2.24
T1,Null,Null,0.0,12C,6,Null,80.4,135.0,3.19
T1,Null,Null,0.0,12C,6,Null,83.0,400.0,2.6
T1,Null,Null,0.0,12C,6,Null,109.0,135.0,3.63
T1,Null,Null,0.0,12C,6,Null,126.0,400.0,2.6
T1,Null,Null,0.0,12C,6,Null,144.0,135.0,3.48
T1,Null,Null,0.0,12C,6,Null,220.0,6.57,4.1
T1,Null,Null,0.0,12C,6,Null,252.0,12.0,3.93
T1,Null,Null,0.0,14N,7,Null,300.0,6.5,3.0
T1,Null,Null,0.0,16O,8,Null,385.0,6.58,2.7
T1,Null,Null,0.0,20Ne,10,Null,33.0,425.0,1.5
T1,Null,Null,0.0,20Ne,10,Null,37.0,425.0,1.6
T1,Null,Null,0.0,20Ne,10,Null,61.9,135.0,2.32
T1,Null,Null,0.0,20Ne,10,Null,74.0,425.0,2.0
T1,Null,Null,0.0,20Ne,10,Null,81.6,135.0,2.98
T1,Null,Null,0.0,20Ne,10,Null,81.8,135.0,2.89
T1,Null,Null,0.0,20Ne,10,Null,100.0,425.0,2.8
T1,Null,Null,0.0,20Ne,10,Null,101.0,135.0,2.98
T1,Null,Null,0.0,20Ne,10,Null,103.0,135.0,3.03
T1,Null,Null,0.0,20Ne,10,Null,111.0,135.0,3.74
T1,Null,Null,0.0,20Ne,10,Null,136.0,425.0,2.9
T1,Null,Null,0.0,20Ne,10,Null,166.0,135.0,3.34
T1,Null,Null,0.0,20Ne,10,Null,176.0,135.0,3.48
T1,Null,Null,0.0,20Ne,10,Null,222.0,135.0,3.06
T1,Null,Null,0.0,20Ne,10,Null,226.0,425.0,2.7
T1,Null,Null,0.0,20Ne,10,Null,249.0,135.0,2.81
T1,Null,Null,0.0,20Ne,10,Null,262.0,135.0,2.92
T1,Null,Null,0.0,20Ne,10,Null,340.0,135.0,2.5
T1,Null,Null,0.0,20Ne,10,Null,361.0,135.0,2.29
T1,Null,Null,0.0,20Ne,10,Null,432.0,425.0,2.6
T1,Null,Null,0.0,20Ne,10,Null,580.0,6.58,2.1
T1,Null,Null,0.0,40Ar,18,Null,84.0,570.0,2.1
T1,Null,Null,0.0,40Ar,18,Null,92.0,570.0,2.5
T1,Null,Null,0.0,40Ar,18,Null,113.0,570.0,2.7
T1,Null,Null,0.0,40Ar,18,Null,144.0,570.0,2.6
T1,Null,Null,0.0,40Ar,18,Null,179.0,570.0,2.5
T1,Null,Null,0.0,40Ar,18,Null,335.0,570.0,2.0
T1,Null,Null,0.0,40Ar,18,Null,641.0,570.0,1.5
T1,Null,Null,0.0,40Ar,18,Null,1940.0,5.7,1.1
